INSERT INTO EMPLOYEE(emp_id,emp_pwd,emp_nm,dept_id,registrant,amender) VALUES(999999,'abcdefg','admin','0','Tom','Jerry');

INSERT INTO EMPLOYEE(emp_id,emp_pwd,emp_nm,dept_id,registrant,amender) VALUES(1,'abcdefg','서브1','000010725','Tom','Jerry');
INSERT INTO EMPLOYEE(emp_id,emp_pwd,emp_nm,dept_id,registrant,amender) VALUES(2,'abcdefg','서브2','000010725','Tom','Jerry');
INSERT INTO EMPLOYEE(emp_id,emp_pwd,emp_nm,dept_id,registrant,amender) VALUES(3,'abcdefg','김남희','000010725','Tom','Jerry');
INSERT INTO EMPLOYEE(emp_id,emp_pwd,emp_nm,dept_id,registrant,amender) VALUES(4,'abcdefg','서브4','000010726','Tom','Jerry');
INSERT INTO EMPLOYEE(emp_id,emp_pwd,emp_nm,dept_id,registrant,amender) VALUES(5,'abcdefg','서브5','000010726','Tom','Jerry');
INSERT INTO EMPLOYEE(emp_id,emp_pwd,emp_nm,dept_id,registrant,amender) VALUES(6,'abcdefg','김민수','000010726','Tom','Jerry');
INSERT INTO EMPLOYEE(emp_id,emp_pwd,emp_nm,dept_id,registrant,amender) VALUES(7,'abcdefg','서브7','000010727','Tom','Jerry');
INSERT INTO EMPLOYEE(emp_id,emp_pwd,emp_nm,dept_id,registrant,amender) VALUES(8,'abcdefg','서브8','000010727','Tom','Jerry');
INSERT INTO EMPLOYEE(emp_id,emp_pwd,emp_nm,dept_id,registrant,amender) VALUES(9,'abcdefg','서브9','000010727','Tom','Jerry');
INSERT INTO EMPLOYEE(emp_id,emp_pwd,emp_nm,dept_id,registrant,amender) VALUES(10,'abcdefg','서브10','000010728','Tom','Jerry');

INSERT INTO EMPLOYEE(emp_id,emp_pwd,emp_nm,dept_id,registrant,amender) VALUES(11,'abcdefg','이재현','000010728','Tom','Jerry');



INSERT INTO EMPLOYEE(emp_id,emp_pwd,emp_nm,dept_id,registrant,amender) VALUES(114,'abcdefg','송혜교','000010738','Tom','Jerry');
INSERT INTO EMPLOYEE(emp_id,emp_pwd,emp_nm,dept_id,registrant,amender) VALUES(115,'abcdefg','김영광','000010741','Tom','Jerry');
INSERT INTO EMPLOYEE(emp_id,emp_pwd,emp_nm,dept_id,registrant,amender) VALUES(116,'abcdefg','손나은','000010746','Tom','Jerry');
INSERT INTO EMPLOYEE(emp_id,emp_pwd,emp_nm,dept_id,registrant,amender) VALUES(117,'abcdefg','유아인','000010751','Tom','Jerry');
INSERT INTO EMPLOYEE(emp_id,emp_pwd,emp_nm,dept_id,registrant,amender) VALUES(118,'abcdefg','김건모','000010756','Tom','Jerry');
INSERT INTO EMPLOYEE(emp_id,emp_pwd,emp_nm,dept_id,registrant,amender) VALUES(119,'abcdefg','조재혁','000010761','Tom','Jerry');
INSERT INTO EMPLOYEE(emp_id,emp_pwd,emp_nm,dept_id,registrant,amender) VALUES(120,'abcdefg','박정현','000010766','Tom','Jerry');
INSERT INTO EMPLOYEE(emp_id,emp_pwd,emp_nm,dept_id,registrant,amender) VALUES(121,'abcdefg','이미숙','000010734','Tom','Jerry');
INSERT INTO EMPLOYEE(emp_id,emp_pwd,emp_nm,dept_id,registrant,amender) VALUES(122,'abcdefg','김태희','000010735','Tom','Jerry');
INSERT INTO EMPLOYEE(emp_id,emp_pwd,emp_nm,dept_id,registrant,amender) VALUES(123,'abcdefg','정지훈','000010736','Tom','Jerry');
INSERT INTO EMPLOYEE(emp_id,emp_pwd,emp_nm,dept_id,registrant,amender) VALUES(124,'abcdefg','남주혁','000010738','Tom','Jerry');
INSERT INTO EMPLOYEE(emp_id,emp_pwd,emp_nm,dept_id,registrant,amender) VALUES(125,'abcdefg','김갑순','000010741','Tom','Jerry');
INSERT INTO EMPLOYEE(emp_id,emp_pwd,emp_nm,dept_id,registrant,amender) VALUES(126,'abcdefg','김을순','000010746','Tom','Jerry');
INSERT INTO EMPLOYEE(emp_id,emp_pwd,emp_nm,dept_id,registrant,amender) VALUES(127,'abcdefg','김미자','000010751','Tom','Jerry');
INSERT INTO EMPLOYEE(emp_id,emp_pwd,emp_nm,dept_id,registrant,amender) VALUES(128,'abcdefg','이만호','000010756','Tom','Jerry');
INSERT INTO EMPLOYEE(emp_id,emp_pwd,emp_nm,dept_id,registrant,amender) VALUES(129,'abcdefg','안진우','000010761','Tom','Jerry');
INSERT INTO EMPLOYEE(emp_id,emp_pwd,emp_nm,dept_id,registrant,amender) VALUES(130,'abcdefg','박수진','000010766','Tom','Jerry');
INSERT INTO EMPLOYEE(emp_id,emp_pwd,emp_nm,dept_id,registrant,amender) VALUES(131,'abcdefg','이미영','000010734','Tom','Jerry');
INSERT INTO EMPLOYEE(emp_id,emp_pwd,emp_nm,dept_id,registrant,amender) VALUES(132,'abcdefg','유재석','000010735','Tom','Jerry');
INSERT INTO EMPLOYEE(emp_id,emp_pwd,emp_nm,dept_id,registrant,amender) VALUES(133,'abcdefg','송중기','000010736','Tom','Jerry');
INSERT INTO EMPLOYEE(emp_id,emp_pwd,emp_nm,dept_id,registrant,amender) VALUES(134,'abcdefg','공민지','000010738','Tom','Jerry');
INSERT INTO EMPLOYEE(emp_id,emp_pwd,emp_nm,dept_id,registrant,amender) VALUES(135,'abcdefg','김민경','000010741','Tom','Jerry');
INSERT INTO EMPLOYEE(emp_id,emp_pwd,emp_nm,dept_id,registrant,amender) VALUES(136,'abcdefg','임수정','000010746','Tom','Jerry');
INSERT INTO EMPLOYEE(emp_id,emp_pwd,emp_nm,dept_id,registrant,amender) VALUES(137,'abcdefg','박찬기','000010751','Tom','Jerry');
INSERT INTO EMPLOYEE(emp_id,emp_pwd,emp_nm,dept_id,registrant,amender) VALUES(138,'abcdefg','정준하','000010756','Tom','Jerry');
INSERT INTO EMPLOYEE(emp_id,emp_pwd,emp_nm,dept_id,registrant,amender) VALUES(139,'abcdefg','정형돈','000010761','Tom','Jerry');
INSERT INTO EMPLOYEE(emp_id,emp_pwd,emp_nm,dept_id,registrant,amender) VALUES(140,'abcdefg','전민기','000010766','Tom','Jerry');
INSERT INTO EMPLOYEE(emp_id,emp_pwd,emp_nm,dept_id,registrant,amender) VALUES(141,'abcdefg','정수영','000010734','Tom','Jerry');
INSERT INTO EMPLOYEE(emp_id,emp_pwd,emp_nm,dept_id,registrant,amender) VALUES(142,'abcdefg','정수정','000010735','Tom','Jerry');
INSERT INTO EMPLOYEE(emp_id,emp_pwd,emp_nm,dept_id,registrant,amender) VALUES(143,'abcdefg','이광희','000010736','Tom','Jerry');
INSERT INTO EMPLOYEE(emp_id,emp_pwd,emp_nm,dept_id,registrant,amender) VALUES(144,'abcdefg','박수정','000010738','Tom','Jerry');
INSERT INTO EMPLOYEE(emp_id,emp_pwd,emp_nm,dept_id,registrant,amender) VALUES(145,'abcdefg','김진수','000010741','Tom','Jerry');
INSERT INTO EMPLOYEE(emp_id,emp_pwd,emp_nm,dept_id,registrant,amender) VALUES(146,'abcdefg','송태영','000010746','Tom','Jerry');
INSERT INTO EMPLOYEE(emp_id,emp_pwd,emp_nm,dept_id,registrant,amender) VALUES(147,'abcdefg','박진수','000010751','Tom','Jerry');
INSERT INTO EMPLOYEE(emp_id,emp_pwd,emp_nm,dept_id,registrant,amender) VALUES(148,'abcdefg','이기태','000010756','Tom','Jerry');



INSERT INTO INSPECTOR(sector_id,emp_id,emp_nm,registrant,amender) VALUES('SEC_2101',1,'서브1','Tom','Jerry');
INSERT INTO INSPECTOR(sector_id,emp_id,emp_nm,registrant,amender) VALUES('SEC_2102',2,'서브2','Tom','Jerry');
INSERT INTO INSPECTOR(sector_id,emp_id,emp_nm,registrant,amender) VALUES('SEC_2001',3,'김남희','Tom','Jerry');
INSERT INTO INSPECTOR(sector_id,emp_id,emp_nm,registrant,amender) VALUES('SEC_1701',4,'서브4','Tom','Jerry');
INSERT INTO INSPECTOR(sector_id,emp_id,emp_nm,registrant,amender) VALUES('SEC_1702',5,'서브5','Tom','Jerry');
INSERT INTO INSPECTOR(sector_id,emp_id,emp_nm,registrant,amender) VALUES('SEC_1401',6,'김민수','Tom','Jerry');
INSERT INTO INSPECTOR(sector_id,emp_id,emp_nm,registrant,amender) VALUES('SEC_1502',7,'서브7','Tom','Jerry');
INSERT INTO INSPECTOR(sector_id,emp_id,emp_nm,registrant,amender) VALUES('SEC_1501',8,'서브8','Tom','Jerry');
INSERT INTO INSPECTOR(sector_id,emp_id,emp_nm,registrant,amender) VALUES('SEC_1801',9,'서브9','Tom','Jerry');
INSERT INTO INSPECTOR(sector_id,emp_id,emp_nm,registrant,amender) VALUES('SEC_1802',10,'서브10','Tom','Jerry');



INSERT INTO GENERAL_INSPECTOR(emp_id,emp_nm,registrant,amender) VALUES(11,'이재현','Tom','Jerry');



INSERT INTO NIGHT_WORKER(date1,emp_id,emp_nm,registrant,amender) VALUES('2017-11-13',119,'조재혁','Tom','Jerry');
INSERT INTO NIGHT_WORKER(date1,emp_id,emp_nm,registrant,amender) VALUES('2017-11-14',120,'박정현','Tom','Jerry');
INSERT INTO NIGHT_WORKER(date1,emp_id,emp_nm,registrant,amender) VALUES('2017-11-15',121,'이미숙','Tom','Jerry');
INSERT INTO NIGHT_WORKER(date1,emp_id,emp_nm,registrant,amender) VALUES('2017-11-16',122,'김태희','Tom','Jerry');
INSERT INTO NIGHT_WORKER(date1,emp_id,emp_nm,registrant,amender) VALUES('2017-11-17',123,'정지훈','Tom','Jerry');

INSERT INTO NIGHT_WORKER(date1,emp_id,emp_nm,registrant,amender) VALUES('2017-11-20',124,'남주혁','Tom','Jerry');
INSERT INTO NIGHT_WORKER(date1,emp_id,emp_nm,registrant,amender) VALUES('2017-11-21',125,'김갑순','Tom','Jerry');
INSERT INTO NIGHT_WORKER(date1,emp_id,emp_nm,registrant,amender) VALUES('2017-11-22',126,'김을순','Tom','Jerry');
INSERT INTO NIGHT_WORKER(date1,emp_id,emp_nm,registrant,amender) VALUES('2017-11-23',127,'김미자','Tom','Jerry');
INSERT INTO NIGHT_WORKER(date1,emp_id,emp_nm,registrant,amender) VALUES('2017-11-24',128,'이만호','Tom','Jerry');

INSERT INTO NIGHT_WORKER(date1,emp_id,emp_nm,registrant,amender) VALUES('2017-11-27',129,'안진우','Tom','Jerry');
INSERT INTO NIGHT_WORKER(date1,emp_id,emp_nm,registrant,amender) VALUES('2017-11-28',130,'박수진','Tom','Jerry');
INSERT INTO NIGHT_WORKER(date1,emp_id,emp_nm,registrant,amender) VALUES('2017-11-29',131,'이미영','Tom','Jerry');
INSERT INTO NIGHT_WORKER(date1,emp_id,emp_nm,registrant,amender) VALUES('2017-11-30',132,'유재석','Tom','Jerry');
INSERT INTO NIGHT_WORKER(date1,emp_id,emp_nm,registrant,amender) VALUES('2017-12-1',133,'송중기','Tom','Jerry');

INSERT INTO NIGHT_WORKER(date1,emp_id,emp_nm,registrant,amender) VALUES('2017-12-4',134,'공민지','Tom','Jerry');
INSERT INTO NIGHT_WORKER(date1,emp_id,emp_nm,registrant,amender) VALUES('2017-12-5',135,'김민경','Tom','Jerry');
INSERT INTO NIGHT_WORKER(date1,emp_id,emp_nm,registrant,amender) VALUES('2017-12-6',136,'임수정','Tom','Jerry');
INSERT INTO NIGHT_WORKER(date1,emp_id,emp_nm,registrant,amender) VALUES('2017-12-7',137,'박찬기','Tom','Jerry');
INSERT INTO NIGHT_WORKER(date1,emp_id,emp_nm,registrant,amender) VALUES('2017-12-8',138,'정준하','Tom','Jerry');

INSERT INTO NIGHT_WORKER(date1,emp_id,emp_nm,registrant,amender) VALUES('2017-12-11',139,'정형돈','Tom','Jerry');
INSERT INTO NIGHT_WORKER(date1,emp_id,emp_nm,registrant,amender) VALUES('2017-12-12',140,'전민기','Tom','Jerry');
INSERT INTO NIGHT_WORKER(date1,emp_id,emp_nm,registrant,amender) VALUES('2017-12-13',141,'정수영','Tom','Jerry');
INSERT INTO NIGHT_WORKER(date1,emp_id,emp_nm,registrant,amender) VALUES('2017-12-14',142,'정수정','Tom','Jerry');
INSERT INTO NIGHT_WORKER(date1,emp_id,emp_nm,registrant,amender) VALUES('2017-12-15',143,'이광희','Tom','Jerry');

INSERT INTO NIGHT_WORKER(date1,emp_id,emp_nm,registrant,amender) VALUES('2017-12-18',144,'박수정','Tom','Jerry');
INSERT INTO NIGHT_WORKER(date1,emp_id,emp_nm,registrant,amender) VALUES('2017-12-19',145,'김진수','Tom','Jerry');
INSERT INTO NIGHT_WORKER(date1,emp_id,emp_nm,registrant,amender) VALUES('2017-12-20',146,'송태영','Tom','Jerry');
INSERT INTO NIGHT_WORKER(date1,emp_id,emp_nm,registrant,amender) VALUES('2017-12-21',147,'박진수','Tom','Jerry');
INSERT INTO NIGHT_WORKER(date1,emp_id,emp_nm,registrant,amender) VALUES('2017-12-22',148,'이기태','Tom','Jerry');

INSERT INTO NIGHT_WORKER(date1,emp_id,emp_nm,registrant,amender) VALUES('2017-12-25',114,'송혜교','Tom','Jerry');
INSERT INTO NIGHT_WORKER(date1,emp_id,emp_nm,registrant,amender) VALUES('2017-12-26',115,'김영광','Tom','Jerry');
INSERT INTO NIGHT_WORKER(date1,emp_id,emp_nm,registrant,amender) VALUES('2017-12-27',116,'손나은','Tom','Jerry');
INSERT INTO NIGHT_WORKER(date1,emp_id,emp_nm,registrant,amender) VALUES('2017-12-28',117,'유아인','Tom','Jerry');
INSERT INTO NIGHT_WORKER(date1,emp_id,emp_nm,registrant,amender) VALUES('2017-12-29',118,'김건모','Tom','Jerry');



INSERT INTO SECTOR_DEPT_INFO(dept_id,dept_nm,sector_id,sector_nm,registrant,amender) VALUES(10725,'기획총괄부','SEC_2101','21층 경영기획본부','Tom','Jerry');
INSERT INTO SECTOR_DEPT_INFO(dept_id,dept_nm,sector_id,sector_nm,registrant,amender) VALUES(10726,'경영혁신부','SEC_2101','21층 경영기획본부','Tom','Jerry');
INSERT INTO SECTOR_DEPT_INFO(dept_id,dept_nm,sector_id,sector_nm,registrant,amender) VALUES(10727,'인재개발부','SEC_2101','21층 경영기획본부','Tom','Jerry');
INSERT INTO SECTOR_DEPT_INFO(dept_id,dept_nm,sector_id,sector_nm,registrant,amender) VALUES(10728,'경영지원부','SEC_2101','21층 경영기획본부','Tom','Jerry');
INSERT INTO SECTOR_DEPT_INFO(dept_id,dept_nm,sector_id,sector_nm,registrant,amender) VALUES(10730,'보건의료기획부','SEC_1701','17층 보건의료본부','Tom','Jerry');
INSERT INTO SECTOR_DEPT_INFO(dept_id,dept_nm,sector_id,sector_nm,registrant,amender) VALUES(10731,'보건의료정보부','SEC_1701','17층 보건의료본부','Tom','Jerry');
INSERT INTO SECTOR_DEPT_INFO(dept_id,dept_nm,sector_id,sector_nm,registrant,amender) VALUES(10732,'보건의료표준화부','SEC_1701','17층 보건의료본부','Tom','Jerry');
INSERT INTO SECTOR_DEPT_INFO(dept_id,dept_nm,sector_id,sector_nm,registrant,amender) VALUES(10734,'고객지원부','SEC_2001','20층 고객지원본부','Tom','Jerry');
INSERT INTO SECTOR_DEPT_INFO(dept_id,dept_nm,sector_id,sector_nm,registrant,amender) VALUES(10735,'시스템교육부','SEC_2001','20층 고객지원본부','Tom','Jerry');
INSERT INTO SECTOR_DEPT_INFO(dept_id,dept_nm,sector_id,sector_nm,registrant,amender) VALUES(10736,'포털운영부','SEC_2001','20층 고객지원본부','Tom','Jerry');
INSERT INTO SECTOR_DEPT_INFO(dept_id,dept_nm,sector_id,sector_nm,registrant,amender) VALUES(10738,'정보보호부','SEC_2102','21층 정보기술본부','Tom','Jerry');
INSERT INTO SECTOR_DEPT_INFO(dept_id,dept_nm,sector_id,sector_nm,registrant,amender) VALUES(10739,'시스템기반부','SEC_2102','21층 정보기술본부','Tom','Jerry');
INSERT INTO SECTOR_DEPT_INFO(dept_id,dept_nm,sector_id,sector_nm,registrant,amender) VALUES(10740,'사이버안전센터운영총괄부','SEC_2102','21층 정보기술본부','Tom','Jerry');
INSERT INTO SECTOR_DEPT_INFO(dept_id,dept_nm,sector_id,sector_nm,registrant,amender) VALUES(10741,'원내정보화관리부','SEC_2102','21층 정보기술본부','Tom','Jerry');
INSERT INTO SECTOR_DEPT_INFO(dept_id,dept_nm,sector_id,sector_nm,registrant,amender) VALUES(10742,'희망복지중앙지원단','SEC_1702','17층 회망복지중앙지원단','Tom','Jerry');
INSERT INTO SECTOR_DEPT_INFO(dept_id,dept_nm,sector_id,sector_nm,registrant,amender) VALUES(10744,'사업분석부','SEC_1801','18층 정보개발본부','Tom','Jerry');
INSERT INTO SECTOR_DEPT_INFO(dept_id,dept_nm,sector_id,sector_nm,registrant,amender) VALUES(10745,'복지정보개발부','SEC_1801','18층 정보개발본부','Tom','Jerry');
INSERT INTO SECTOR_DEPT_INFO(dept_id,dept_nm,sector_id,sector_nm,registrant,amender) VALUES(10746,'바우처정보개발부','SEC_1801','18층 정보개발본부','Tom','Jerry');
INSERT INTO SECTOR_DEPT_INFO(dept_id,dept_nm,sector_id,sector_nm,registrant,amender) VALUES(10747,'정보연계부','SEC_1801','18층 정보개발본부','Tom','Jerry');
INSERT INTO SECTOR_DEPT_INFO(dept_id,dept_nm,sector_id,sector_nm,registrant,amender) VALUES(10749,'통합자격정보부','SEC_1802','18층 복지정보본부','Tom','Jerry');
INSERT INTO SECTOR_DEPT_INFO(dept_id,dept_nm,sector_id,sector_nm,registrant,amender) VALUES(10750,'개별자격정보부','SEC_1802','18층 복지정보본부','Tom','Jerry');
INSERT INTO SECTOR_DEPT_INFO(dept_id,dept_nm,sector_id,sector_nm,registrant,amender) VALUES(10751,'범부처정보지원부','SEC_1802','18층 복지정보본부','Tom','Jerry');
INSERT INTO SECTOR_DEPT_INFO(dept_id,dept_nm,sector_id,sector_nm,registrant,amender) VALUES(10752,'급여관리부','SEC_1802','18층 복지정보본부','Tom','Jerry');
INSERT INTO SECTOR_DEPT_INFO(dept_id,dept_nm,sector_id,sector_nm,registrant,amender) VALUES(10753,'수급자관리부','SEC_1802','18층 복지정보본부','Tom','Jerry');
INSERT INTO SECTOR_DEPT_INFO(dept_id,dept_nm,sector_id,sector_nm,registrant,amender) VALUES(10755,'사회서비스사업부','SEC_1501','15층 바우처관리본부','Tom','Jerry');
INSERT INTO SECTOR_DEPT_INFO(dept_id,dept_nm,sector_id,sector_nm,registrant,amender) VALUES(10756,'보육사업부','SEC_1501','15층 바우처관리본부','Tom','Jerry');
INSERT INTO SECTOR_DEPT_INFO(dept_id,dept_nm,sector_id,sector_nm,registrant,amender) VALUES(10757,'심사관리부','SEC_1501','15층 바우처관리본부','Tom','Jerry');
INSERT INTO SECTOR_DEPT_INFO(dept_id,dept_nm,sector_id,sector_nm,registrant,amender) VALUES(10758,'시설평가부','SEC_1501','15층 바우처관리본부','Tom','Jerry');
INSERT INTO SECTOR_DEPT_INFO(dept_id,dept_nm,sector_id,sector_nm,registrant,amender) VALUES(10760,'사회서비스정보부','SEC_1502','15층 바우처정보본부','Tom','Jerry');
INSERT INTO SECTOR_DEPT_INFO(dept_id,dept_nm,sector_id,sector_nm,registrant,amender) VALUES(10761,'보육정보부','SEC_1502','15층 바우처정보본부','Tom','Jerry');
INSERT INTO SECTOR_DEPT_INFO(dept_id,dept_nm,sector_id,sector_nm,registrant,amender) VALUES(10762,'복지시설정보부','SEC_1502','15층 바우처정보본부','Tom','Jerry');
INSERT INTO SECTOR_DEPT_INFO(dept_id,dept_nm,sector_id,sector_nm,registrant,amender) VALUES(10763,'생활안전정보부','SEC_1502','15층 바우처정보본부','Tom','Jerry');
INSERT INTO SECTOR_DEPT_INFO(dept_id,dept_nm,sector_id,sector_nm,registrant,amender) VALUES(10765,'통계센터','SEC_1401','14층 사회보장연구소','Tom','Jerry');
INSERT INTO SECTOR_DEPT_INFO(dept_id,dept_nm,sector_id,sector_nm,registrant,amender) VALUES(10766,'연구센터','SEC_1401','14층 사회보장연구소','Tom','Jerry');
INSERT INTO SECTOR_DEPT_INFO(dept_id,dept_nm,sector_id,sector_nm,registrant,amender) VALUES(10769,'개인정보통합관제센터','SEC_2102','21층 정보기술본부','Tom','Jerry');
INSERT INTO SECTOR_DEPT_INFO(dept_id,dept_nm,sector_id,sector_nm,registrant,amender) VALUES(10770,'보건복지ISAC 설립 TF','SEC_2102','21층 정보기술본부','Tom','Jerry');
INSERT INTO SECTOR_DEPT_INFO(dept_id,dept_nm,sector_id,sector_nm,registrant,amender) VALUES(10771,'차세대지역보건의료정보시스템추진단','SEC_1701','17층 보건의료본부','Tom','Jerry');
INSERT INTO SECTOR_DEPT_INFO(dept_id,dept_nm,sector_id,sector_nm,registrant,amender) VALUES(10772,'진료정보교류사업 추진단','SEC_1701','17층 보건의료본부','Tom','Jerry');
INSERT INTO SECTOR_DEPT_INFO(dept_id,dept_nm,sector_id,sector_nm,registrant,amender) VALUES(10773,'사회보장 예비타당성조사 지원단','SEC_1801','18층 정보개발본부','Tom','Jerry');
INSERT INTO SECTOR_DEPT_INFO(dept_id,dept_nm,sector_id,sector_nm,registrant,amender) VALUES(10775,'국정과제수행반','SEC_1401','14층 사회보장연구소','Tom','Jerry');
INSERT INTO SECTOR_DEPT_INFO(dept_id,dept_nm,sector_id,sector_nm,registrant,amender) VALUES(10776,'4차산업혁명추진반','SEC_1401','14층 사회보장연구소','Tom','Jerry');
INSERT INTO SECTOR_DEPT_INFO(dept_id,dept_nm,sector_id,sector_nm,registrant,amender) VALUES(10777,'성과연봉제개선지원반','SEC_1401','14층 사회보장연구소','Tom','Jerry');
INSERT INTO SECTOR_DEPT_INFO(dept_id,dept_nm,sector_id,sector_nm,registrant,amender) VALUES(10778,'원내정보화지원반','SEC_1401','14층 사회보장연구소','Tom','Jerry');
INSERT INTO SECTOR_DEPT_INFO(dept_id,dept_nm,sector_id,sector_nm,registrant,amender) VALUES(10779,'국정과제수행반 복지공약이행팀','SEC_1401','14층 사회보장연구소','Tom','Jerry');
INSERT INTO SECTOR_DEPT_INFO(dept_id,dept_nm,sector_id,sector_nm,registrant,amender) VALUES(10780,'국정과제수행반 일자리추진팀','SEC_1401','14층 사회보장연구소','Tom','Jerry');
INSERT INTO SECTOR_DEPT_INFO(dept_id,dept_nm,sector_id,sector_nm,registrant,amender) VALUES(10781,'4차산업혁명추진반 총괄팀','SEC_1401','14층 사회보장연구소','Tom','Jerry');
INSERT INTO SECTOR_DEPT_INFO(dept_id,dept_nm,sector_id,sector_nm,registrant,amender) VALUES(10782,'4차산업혁명추진반 생활안전플랫폼 연구추진팀','SEC_1401','14층 사회보장연구소','Tom','Jerry');
INSERT INTO SECTOR_DEPT_INFO(dept_id,dept_nm,sector_id,sector_nm,registrant,amender) VALUES(10783,'성과연봉제개선지원반 총괄팀','SEC_1401','14층 사회보장연구소','Tom','Jerry');
INSERT INTO SECTOR_DEPT_INFO(dept_id,dept_nm,sector_id,sector_nm,registrant,amender) VALUES(10784,'원내정보화지원반 총괄팀','SEC_1401','14층 사회보장연구소','Tom','Jerry');









insert into security_checklist_night(date1,sector_id,emp_id,doc_strg,cln_stat,light_stat,fireext_stat,door_stat,inspect_time,appendpic,pic_sn,cmnt,chk) values('2017-11-29','SEC_1501',131,1,1,1,1,1,'a','a',0,'a',0);
insert into security_checklist_night(date1,sector_id,emp_id,doc_strg,cln_stat,light_stat,fireext_stat,door_stat,inspect_time,appendpic,pic_sn,cmnt,chk) values('2017-11-29','SEC_1502',131,1,1,1,1,1,'a','a',0,'a',0);
insert into security_checklist_night(date1,sector_id,emp_id,doc_strg,cln_stat,light_stat,fireext_stat,door_stat,inspect_time,appendpic,pic_sn,cmnt,chk) values('2017-11-29','SEC_1701',131,1,1,1,1,1,'a','a',0,'a',0);
insert into security_checklist_night(date1,sector_id,emp_id,doc_strg,cln_stat,light_stat,fireext_stat,door_stat,inspect_time,appendpic,pic_sn,cmnt,chk) values('2017-11-29','SEC_1702',131,1,1,1,1,1,'a','a',0,'a',0);
insert into security_checklist_night(date1,sector_id,emp_id,doc_strg,cln_stat,light_stat,fireext_stat,door_stat,inspect_time,appendpic,pic_sn,cmnt,chk) values('2017-11-29','SEC_1801',131,1,1,1,1,1,'a','a',0,'a',0);
insert into security_checklist_night(date1,sector_id,emp_id,doc_strg,cln_stat,light_stat,fireext_stat,door_stat,inspect_time,appendpic,pic_sn,cmnt,chk) values('2017-11-29','SEC_1802',131,1,1,1,1,1,'a','a',0,'a',0);
insert into security_checklist_night(date1,sector_id,emp_id,doc_strg,cln_stat,light_stat,fireext_stat,door_stat,inspect_time,appendpic,pic_sn,cmnt,chk) values('2017-11-29','SEC_2101',131,1,1,1,1,1,'a','a',0,'a',0);
insert into security_checklist_night(date1,sector_id,emp_id,doc_strg,cln_stat,light_stat,fireext_stat,door_stat,inspect_time,appendpic,pic_sn,cmnt,chk) values('2017-11-29','SEC_2102',131,1,1,1,1,1,'a','a',0,'a',0);
